<?xml version='1.0' encoding='ISO-8859-1'  ?>
<!DOCTYPE index
  PUBLIC "-//Sun Microsystems Inc.//DTD JavaHelp Index Version 1.0//EN"
         "http://java.sun.com/products/javahelp/index_1_0.dtd">

<index version="1.0">

  <indexitem text="cancelar una apuesta" target="cancelarapuesta" />
  <indexitem text="clientes vip" target="clientesvip" /> 
  <indexitem text="comprar bebidas" target="comprabebidas" />
  <indexitem text="comprar fichas" target="comprafichas" />
  <indexitem text="devolucion del dinero" target="devoluciondinero" />
  <indexitem text="hacer una apuesta" target="hacerapuesta" />
  <indexitem text="introduccion" target="introduccion" />
  <indexitem text="recargar saldo del cliente" target="recargadinero" /> 
   	
</index>
