<?xml version='1.0' encoding='ISO-8859-1' ?>
<!DOCTYPE toc
  PUBLIC "-//Sun Microsystems Inc.//DTD JavaHelp TOC Version 1.0//EN"
         "http://java.sun.com/products/javahelp/toc_1_0.dtd">

<toc version="1.0">
  
  <tocitem text="Descripci�n del casino" target="introduccion" />
  <tocitem text="Apuestas" >
  	<tocitem text="hacer apuesta" target="hacerapuesta" />
  	<tocitem text="cancelar apuesta" target="cancelarapuesta" />
  </tocitem>
  <tocitem text="clientes vip" target="clientesvip" /> 	
  <tocitem text="compra de bebidas" target="comprabebidas" /> 
  <tocitem text="compra de fichas" target="comprafichas" />
  <tocitem text="devolucion de dinero" target="devoluciondinero" /> 
  <tocitem text="recarga de saldo" target="recargadinero" />
</toc>